brand,name,category,price,img_url,product_url
노스페이스,우먼 일렉트론 엘티,백팩,109000,https://image.msscdn.net/thumbnails/images/goods_img/20260616/6676177/6676177_17815778184500_big.jpg?w=1200,https://www.musinsa.com/products/6676177
노이아고,스트링 포켓 백팩,백팩,54000,https://image.msscdn.net/thumbnails/images/goods_img/20250422/5052081/5052081_17453903122607_big.jpg?w=1200,https://www.musinsa.com/products/5052081
스위스 밀리터리 캐리어,비즈니스 슬림 백팩,백팩,208000,https://image.msscdn.net/thumbnails/images/goods_img/20231115/3712431/3712431_17000232712525_big.jpg?w=1200,https://www.musinsa.com/products/3712431
모노라이트,프리미엄 비즈니스 백팩,백팩,97000,https://image.msscdn.net/thumbnails/images/goods_img/20260318/6154478/6154478_17803911155948_big.jpg?w=1200,https://www.musinsa.com/products/6154478
베이프릴,러플리 백팩,백팩,66000,https://image.msscdn.net/thumbnails/images/goods_img/20241119/4623083/4623083_17319973493422_big.jpg?w=1200,https://www.musinsa.com/products/4623083
세컨드솔트,워시드 데님 미니 백팩,백팩,69000,https://image.msscdn.net/thumbnails/images/goods_img/20260519/6507688/6507688_17793414675430_big.jpg?w=1200,https://www.musinsa.com/products/6507688
스컬프터,Oldschool Slouchy Backpack,백팩,84000,https://image.msscdn.net/thumbnails/images/prd_img/20230119/3034745/detail_3034745_17803622340664_big.jpg?w=1200,https://www.musinsa.com/products/3034745
블루이,bluey april backpack,백팩,86000,https://image.msscdn.net/thumbnails/images/goods_img/20160219/308868/308868_2_big.jpg?w=1200,https://www.musinsa.com/products/308868
콘스페,FLAIR 천연가죽백팩,백팩,129000,https://image.msscdn.net/thumbnails/images/goods_img/20190605/1065347/1065347_1_big.jpg?w=1200,https://www.musinsa.com/products/1065347
르브제,모네백팩,백팩,145000,https://image.msscdn.net/thumbnails/images/prd_img/20240813/4326690/detail_4326690_17235349891710_big.jpg?w=1200,https://www.musinsa.com/products/4326690
스퀘어라인,녹스미니,숄더백/토트백,118000,https://image.msscdn.net/thumbnails/images/prd_img/20260209/5997649/detail_5997649_17706448567346_big.jpg?w=1200,https://www.musinsa.com/products/5997649
아이띵소,호보 니트백,숄더백/토트백,41000,https://image.msscdn.net/thumbnails/images/prd_img/20220617/2622106/detail_2622106_16952819087151_big.jpg?w=1200,https://www.musinsa.com/products/2622106
마르헨제이,마고백,숄더백/토트백,214000,https://image.msscdn.net/thumbnails/images/prd_img/20260402/6242529/detail_6242529_17751071091936_big.jpg?w=1200,https://www.musinsa.com/products/6242529
아오하,델피 숄더백,숄더백/토트백,119000,https://image.msscdn.net/thumbnails/images/prd_img/20250901/5382594/detail_5382594_17647433680123_big.jpg?w=1200,https://www.musinsa.com/products/5382525
더엘라,SOPHIE BAG,숄더백/토트백,149000,https://image.msscdn.net/thumbnails/images/prd_img/20260420/6340640/detail_6340640_17766702798602_big.jpg?w=1200,https://www.musinsa.com/products/6340640
스튜디오세라,페미닌 퀼팅 2WAY체인 숄더백,숄더백/토트백,220000,https://image.msscdn.net/thumbnails/images/prd_img/20250529/5155556/detail_5155556_17501447804823_big.jpg?w=1200,https://www.musinsa.com/products/5155556
밀로 아카이브,빈티지 플랩 포켓 더플 백,숄더백/토트백,108000,https://image.msscdn.net/thumbnails/images/goods_img/20250430/5081687/5081687_17470138848388_big.jpg?w=1200,https://www.musinsa.com/products/5081687
카락터,Vintage denim tote bag,숄더백/토트백,115000,https://image.msscdn.net/thumbnails/images/goods_img/20241031/4578069/4578069_17325289295267_big.jpg?w=1200,https://www.musinsa.com/products/4578069
하 아카이브,컨투어 벨티드 백,숄더백/토트백,89000,https://image.msscdn.net/thumbnails/images/goods_img/20250102/4695561/4695561_17358175337274_big.jpg?w=1200,https://www.musinsa.com/products/4695561
아이띵소,mini neat breeze,숄더백/토트백,33000,https://image.msscdn.net/thumbnails/images/prd_img/20220617/2622054/detail_2622054_17061635574230_big.jpg?w=1200,https://www.musinsa.com/products/2622054
로우로우,스트링 미니 크로스백,크로스백,39000,https://image.msscdn.net/thumbnails/images/prd_img/20250902/5391060/detail_5391060_17806422624550_big.jpg?w=1200,https://www.musinsa.com/products/5391060
어틸스튜디오,가벼운 데일리 크로스 숄더 에코백,크로스백,29000,https://image.msscdn.net/thumbnails/images/goods_img/20240902/4395360/4395360_17760664073979_big.jpg?w=1200,https://www.musinsa.com/products/4395360
베드포드일레븐스,14인치수납 리버사이드 슬라우치 호보 메신저,크로스백,339000,https://image.msscdn.net/thumbnails/images/prd_img/20260306/6094562/detail_6094562_17727827235704_big.jpg?w=1200,https://www.musinsa.com/products/6094562
스탠드오일,미노백,크로스백,59000,https://image.msscdn.net/thumbnails/images/prd_img/20250206/4765607/detail_4765607_17415949049207_big.jpg?w=1200,https://www.musinsa.com/products/4765607
분크,토크 헐밋 크로스 미듐,크로스백,235000,https://image.msscdn.net/thumbnails/images/prd_img/20251125/5774838/detail_5774838_17845082422957_big.jpg?w=1200,https://www.musinsa.com/products/5774838
찰스앤키스,아르웬 퀼팅 미니 백,크로스백,65900,https://image.msscdn.net/thumbnails/images/prd_img/20260609/6638514/detail_6638514_17811718389518_big.jpg?w=1200,https://www.musinsa.com/products/6638514
도프제이슨,빈티지 도큐먼트 레더 보스턴 백,크로스백,198000,https://image.msscdn.net/thumbnails/images/goods_img/20260226/6061034/6061034_17730217654389_big.jpg?w=1200,https://www.musinsa.com/products/6061034
허그유어스킨,빈티지 체크 메신저 백,크로스백,145000,https://image.msscdn.net/thumbnails/images/goods_img/20260112/5885431/5885431_17708902930468_big.jpg?w=1200,https://www.musinsa.com/products/5885431
스탠드오일,티클백,크로스백,89000,https://image.msscdn.net/thumbnails/images/prd_img/20250808/5303199/detail_5303199_17580929121950_big.jpg?w=1200,https://www.musinsa.com/products/5303199
스퀘어라인,레이어미니,크로스백,88000,https://image.msscdn.net/thumbnails/images/prd_img/20230329/3191896/detail_3191896_16804435990939_big.jpg?w=1200,https://www.musinsa.com/products/3191896
포디어웍스,rapo,클러치,155000,https://image.msscdn.net/thumbnails/images/goods_img/20170310/496690/496690_17067724348394_big.jpg?w=1200,https://www.musinsa.com/products/496690
비에스제이,스몰로고 프리미엄 소가죽 클러치백,클러치,188000,https://image.msscdn.net/thumbnails/images/goods_img/20210527/1970464/1970464_1_big.jpg?w=1200,https://www.musinsa.com/products/1970464
롤리키드,스트라이프 클러치,클러치,29800,https://image.msscdn.net/thumbnails/images/goods_img/20240221/3889480/3889480_17085770545629_big.jpg?w=1200,https://www.musinsa.com/products/3889480
카리스 몬타포네,이오스 39 여성 클러치,클러치,98000,https://image.msscdn.net/thumbnails/images/goods_img/20220118/2312491/2312491_6_big.jpg?w=1200,https://www.musinsa.com/products/2312491
쿠론,Delica Pouch,클러치,158000,https://image.msscdn.net/thumbnails/images/goods_img/20250221/4815101/4815101_17401034522102_big.jpg?w=1200,https://www.musinsa.com/products/4815101
카부,플러쉬 클러치,클러치,39900,https://image.msscdn.net/thumbnails/images/goods_img/20201204/1713862/1713862_1_big.jpg?w=1200,https://www.musinsa.com/products/1713862
마뗑킴,matin crisp mini ecobag,숄더백/토트백,58000,https://image.msscdn.net/thumbnails/images/goods_img/20250804/5291175/5291175_17542966795593_big.jpg?w=1200,https://www.musinsa.com/products/5291175
프리마리오,번 스탬프 토트백,숄더백/토트백,59000,https://image.msscdn.net/thumbnails/images/prd_img/20260406/6259166/detail_6259166_17755265814116_big.jpg?w=1200,https://www.musinsa.com/products/6259166
와이케이,비즈 나일론 스트링 백팩,백팩,109000,https://image.msscdn.net/thumbnails/images/goods_img/20260122/5924929/5924929_17701013497039_big.jpg?w=1200,https://www.musinsa.com/products/5924929
하이산,패커블 데이팩 ,백팩,129000,https://image.msscdn.net/thumbnails/images/goods_img/20240807/4306901/4306901_17240632669988_big.png?w=1200,https://www.musinsa.com/products/4306901
밀로 아카이브,홀리데이 시그니처 볼 캡,모자,39000,https://image.msscdn.net/thumbnails/images/goods_img/20211223/2280117/2280117_1_big.jpg?w=1200,https://www.musinsa.com/products/2280117
엠엘비,루키 언스트럭쳐 볼캡,모자,36000,https://image.msscdn.net/thumbnails/images/prd_img/20191105/1214164/detail_1214164_17544432938904_big.jpg?w=1200,https://www.musinsa.com/products/1214164
이미스,tone on tone wappen ball cap,모자,49000,https://image.msscdn.net/thumbnails/images/goods_img/20240908/4418615/4418615_17258042199733_big.jpg?w=1200,https://www.musinsa.com/products/4418615
오디에르,페이퍼 니트 버킷햇,모자,39000,https://image.msscdn.net/thumbnails/images/goods_img/20230531/3334617/3334617_16855019423173_big.jpg?w=1200,https://www.musinsa.com/products/3334617
밈더워드로브,써머리 버튼 비니,모자,39000,https://image.msscdn.net/thumbnails/images/prd_img/20260408/6276072/detail_6276072_17758015286842_big.jpg?w=1200,https://www.musinsa.com/products/6276072
유베이지,리본 피그먼트 볼캡,모자,49000,https://image.msscdn.net/thumbnails/images/goods_img/20240724/4272534/4272534_17218253126558_big.jpg?w=1200,https://www.musinsa.com/products/4272534
포트 리 파일즈,fLF 아치 로고 6패널 캡,모자,47000,https://image.msscdn.net/thumbnails/images/goods_img/20240803/4293851/4293851_17278383604255_big.jpg?w=1200,https://www.musinsa.com/products/4293851
랄,PRTL페인티드 빈티지 트러커 캡,모자,99000,https://image.msscdn.net/thumbnails/images/goods_img/20260106/5871121/5871121_17676797500916_big.jpg?w=1200,https://www.musinsa.com/products/5871121
나이키,드라이핏 ADV 플라이 언스트럭처 리플렉티브 캡 ,모자,39000,https://image.msscdn.net/thumbnails/images/goods_img/20250912/5450624/5450624_17579258108056_big.jpg?w=1200,https://www.musinsa.com/products/5450624
스노우피크 어패럴,프로 리플렉티브 버킷햇,모자,75000,https://image.msscdn.net/thumbnails/images/goods_img/20231018/3636564/3636564_16976034621974_big.jpg?w=1200,https://www.musinsa.com/products/3636564
르네오로,뮤티드 체크 머플러,머플러/스카프,49000,https://image.msscdn.net/thumbnails/images/prd_img/20251030/5666573/detail_5666573_17618053395824_big.jpg?w=1200,https://www.musinsa.com/products/5666573
더콜디스트모먼트,TCM mini loogo button color muffler,머플러/스카프,69000,https://image.msscdn.net/thumbnails/images/goods_img/20251001/5558288/5558288_17611837982096_big.jpg?w=1200,https://www.musinsa.com/products/5558288
쿠키시,레이스 스카프,머플러/스카프,29000,https://image.msscdn.net/thumbnails/images/goods_img/20230705/3394665/3394665_17549820120711_big.jpg?w=1200,https://www.musinsa.com/products/3394665
그로우하이드,룰스 링클 머플러,머플러/스카프,49000,https://image.msscdn.net/thumbnails/images/prd_img/20260331/6224978/detail_6224978_17755265774178_big.jpg?w=1200,https://www.musinsa.com/products/6224978
더바이닐하우스,PAISLEY MUFFLER,머플러/스카프,79000,https://image.msscdn.net/thumbnails/images/goods_img/20250926/5538941/5538941_17593035112052_big.jpg?w=1200,https://www.musinsa.com/products/5538941
핑크파인애플,COZY VINTAGE MUFFLER,머플러/스카프,49000,https://image.msscdn.net/thumbnails/images/goods_img/20251107/5699287/5699287_17624830520052_big.jpg?w=1200,https://www.musinsa.com/products/5699287
유니폼브릿지,featherweight duck down muffler,머플러/스카프,69000,https://image.msscdn.net/thumbnails/images/goods_img/20251021/5622878/5622878_17610428245439_big.jpg?w=1200,https://www.musinsa.com/products/5622878
밀로 아카이브,멜트 쓰리 웨이 스카프,머플러/스카프,62000,https://image.msscdn.net/thumbnails/images/goods_img/20260507/6438616/6438616_17782054121010_big.jpg?w=1200,https://www.musinsa.com/products/6438616
마인드브릿지 우먼,울 블렌드 머플러,머플러/스카프,39900,https://image.msscdn.net/thumbnails/images/prd_img/20251127/5782446/detail_5782446_17642300291398_big.jpg?w=1200,https://www.musinsa.com/products/5782446
시눈,HAIRY COZY MUFFLER,머플러/스카프,76000,https://image.msscdn.net/thumbnails/images/goods_img/20231109/3700512/3700512_17210894492100_big.jpg?w=1200,https://www.musinsa.com/products/3700512
누아트 스튜디오,오웬 위빙 레더 벨트,벨트,17000,https://image.msscdn.net/thumbnails/images/goods_img/20260114/5894674/5894674_17748544805967_big.jpg?w=1200,https://www.musinsa.com/products/5894674
도프제이슨,빈티지 하드레더 벨트,벨트,79000,https://image.msscdn.net/thumbnails/images/goods_img/20230209/3070491/3070491_17171295502169_big.jpg?w=1200,https://www.musinsa.com/products/3070491
무신사 스탠다드 우먼,우먼즈 신세틱 레더 아일렛 벨트,벨트,25900,https://image.msscdn.net/thumbnails/images/goods_img/20260126/5934439/5934439_17725145015114_big.jpg?w=1200,https://www.musinsa.com/products/5934439
무비그아카이,Diamond Plate Belt,벨트,85000,https://image.msscdn.net/thumbnails/images/goods_img/20260616/6680044/6680044_17816049130817_big.jpg?w=1200,https://www.musinsa.com/products/6680044
데꼬로,미니멀 카우 레더 벨트,벨트,45000,https://image.msscdn.net/thumbnails/images/goods_img/20251201/5792678/5792678_17645708581873_big.jpg?w=1200,https://www.musinsa.com/products/5792678
르삭,이탈리안 소가죽 웨스턴 벨트 ,벨트,49000,https://image.msscdn.net/thumbnails/images/goods_img/20240414/4051363/4051363_17130788167141_big.jpg?w=1200,https://www.musinsa.com/products/4051363
네거트브쓰리,two-way cow leather belt,벨트,124000,https://image.msscdn.net/thumbnails/images/goods_img/20260115/5898023/5898023_17701955317793_big.jpg?w=1200,https://www.musinsa.com/products/5898023
썬러브,Braided Leather Belt,벨트,119000,https://image.msscdn.net/thumbnails/images/goods_img/20250224/4826549/4826549_17404024622023_big.jpg?w=1200,https://www.musinsa.com/products/4826549
도프제이,미니멀 스퀘어 하드레더 벨트,벨트,42000,https://image.msscdn.net/thumbnails/images/goods_img/20210521/1961481/1961481_17152350280282_big.jpg?w=1200,https://www.musinsa.com/products/1961481
스켈리웩,더블 스터드 벨트,벨트,45900,https://image.msscdn.net/thumbnails/images/goods_img/20260219/6029518/6029518_17719822902549_big.jpg?w=1200,https://www.musinsa.com/products/6029518
한글,코지 라운드 ,안경/선글라스,31200,https://image.msscdn.net/thumbnails/images/prd_img/20260417/6327763/detail_6327763_17763872570210_big.png?w=1200,https://www.musinsa.com/products/6327763
라플로리,아토 블랙 스퀘어 뿔테 안경 와이드 프레임,안경/선글라스,58000,https://image.msscdn.net/thumbnails/images/prd_img/20260524/6541768/detail_6541768_17796054585673_big.jpg?w=1200,https://www.musinsa.com/products/6541768
리에티,TITO C1,안경/선글라스,69000,https://image.msscdn.net/thumbnails/images/goods_img/20250404/4988030/4988030_17645507859145_big.jpg?w=1200,https://www.musinsa.com/products/4988030
보아아이,맥클린,안경/선글라스,168000,https://image.msscdn.net/thumbnails/images/prd_img/20240720/4263622/detail_4263622_17217215352172_big.jpg?w=1200,https://www.musinsa.com/products/4263622
윤,Duke,안경/선글라스,290000,https://image.msscdn.net/thumbnails/images/goods_img/20230105/3007662/3007662_16732332717786_big.jpg?w=1200,https://www.musinsa.com/products/3007662
리끌로우,RC ROCHE 선글라스,안경/선글라스,59000,https://image.msscdn.net/thumbnails/images/prd_img/20241016/4523381/detail_4523381_17290563027817_big.jpg?w=1200,https://www.musinsa.com/products/4523381
블루엘리펀트,ANDY-S ,안경/선글라스,49900,https://image.msscdn.net/thumbnails/images/goods_img/20230428/3268708/3268708_17423553899211_big.jpg?w=1200,https://www.musinsa.com/products/3268708
마르카토,에밀리 c.001,안경/선글라스,235000,https://image.msscdn.net/thumbnails/images/prd_img/20250904/5401846/detail_5401846_17569574853037_big.jpg?w=1200,https://www.musinsa.com/products/5401846
디아더생츄어리,밴티지 편광 폴드 선글라스,안경/선글라스,45000,https://image.msscdn.net/thumbnails/images/goods_img/20260122/5928200/5928200_17690709818391_big.jpg?w=1200,https://www.musinsa.com/products/5928200
투큐브,6227,안경/선글라스,49000,https://image.msscdn.net/thumbnails/images/prd_img/20260309/6098270/detail_6098270_17730253095249_big.jpg?w=1200,https://www.musinsa.com/products/6098270
블랙 퍼플,팬텀 크로스 레이어드 목걸이,주얼리,72000,https://image.msscdn.net/thumbnails/images/goods_img/20260325/6192491/6192491_17744122081029_big.jpg?w=1200,https://www.musinsa.com/products/6192491
베이스클레,남자 목걸이 블랙 크리스탈 초커,주얼리,39000,https://image.msscdn.net/thumbnails/images/prd_img/20250724/5269964/detail_5269964_17805423225930_big.jpg?w=1200,https://www.musinsa.com/products/5269964
디젤 악세사리,피카부 D로고 펜던트 목걸이,주얼리,190000,https://image.msscdn.net/thumbnails/images/goods_img/20240924/4458773/4458773_17271778535364_big.jpg?w=1200,https://www.musinsa.com/products/4458773
제이반스 클래식,앤틱 패더링 팬던트 써지컬스틸 체인목걸이,주얼리,21000,https://image.msscdn.net/thumbnails/images/goods_img/20250218/4796998/4796998_17398388158806_big.jpg?w=1200,https://www.musinsa.com/products/4796998
토우토우 아카이브,미니마 스파이럴 목걸이,주얼리,43000,https://image.msscdn.net/thumbnails/images/goods_img/20250212/4779726/4779726_17393251581158_big.png?w=1200,https://www.musinsa.com/products/4779726
제이에스티,LALA J 2줄 팔찌,주얼리,108000,https://image.msscdn.net/thumbnails/images/goods_img/20250207/4766450/4766450_17388875301081_big.jpg?w=1200,https://www.musinsa.com/products/4766450
아,seiren layered bracelet,주얼리,34000,https://image.msscdn.net/thumbnails/images/goods_img/20260404/6256458/6256458_17752725882001_big.jpg?w=1200,https://www.musinsa.com/products/6256458
메리모티브,Clear bubble beads surgical bracelet,주얼리,40000,https://image.msscdn.net/thumbnails/images/prd_img/20240806/4302407/detail_4302407_17229375984213_big.jpg?w=1200,https://www.musinsa.com/products/4302407
오와이,STARDUST RING,주얼리,35000,https://image.msscdn.net/thumbnails/images/goods_img/20260225/6054634/6054634_17720006099852_big.jpg?w=1200,https://www.musinsa.com/products/6054634
클라멜,CR 20,주얼리,155000,https://image.msscdn.net/thumbnails/images/goods_img/20250703/5224577/5224577_17660397975083_big.jpg?w=1200,https://www.musinsa.com/products/5224577
락케이크,Funk Mesh Top,긴팔 티셔츠,"54,000",https://image.msscdn.net/thumbnails/images/prd_img/20240812/4322503/detail_4322503_17350227365474_big.jpg?w=1200,
커스텀어클락 우먼,린넨 시스루 홀터넥 레이어드 니트 셋업,긴팔 티셔츠,71000,https://image.msscdn.net/thumbnails/images/prd_img/20260429/6401851/detail_6401851_17781168717704_big.jpg?w=1200,
미쏘,버튼업 시스루 긴팔 티셔츠,긴팔 티셔츠,29900,https://image.msscdn.net/thumbnails/images/prd_img/20260520/6517564/detail_6517564_17806378562831_big.jpg?w=1200,
오드스튜디오,헤븐 센트 루즈핏 보트넥 롱 슬리브,긴팔 티셔츠,52000,https://image.msscdn.net/thumbnails/images/prd_img/20260325/6195742/detail_6195742_17749376833668_big.jpg?w=1200,
레더리,슬림핏 브이넥 리브드 롱슬리브,긴팔 티셔츠,46000,https://image.msscdn.net/thumbnails/images/prd_img/20260203/5973427/detail_5973427_17730429629058_big.jpg?w=1200,
플라즈노팔로우,Amelia Lace Halter Long Sleeve Top,긴팔 티셔츠,98000,https://image.msscdn.net/thumbnails/images/prd_img/20250929/5546263/detail_5546263_17605221590471_big.jpg?w=1200,
글로니,FADE BUTTON LONG SLEEVE,긴팔 티셔츠,72000,https://image.msscdn.net/thumbnails/images/prd_img/20250905/5409340/detail_5409340_17573310798904_big.jpg?w=1200,
비바셔스,아히엘 셔링 롱슬리브,긴팔 티셔츠,44000,https://image.msscdn.net/thumbnails/images/prd_img/20260304/6080198/detail_6080198_17733777918910_big.jpg?w=1200,
무센트,넬로 스냅 버튼 긴팔 티,긴팔 티셔츠,86000,https://image.msscdn.net/thumbnails/images/prd_img/20251119/5752699/detail_5752699_17635323609349_big.jpg?w=1200,
레터프롬문,브이넥 레이스 랩 티셔츠,긴팔 티셔츠,68000,https://image.msscdn.net/thumbnails/images/prd_img/20260114/5892306/detail_5892306_17694984002155_big.jpg?w=1200,
미쏘,Bow Detail Blouse,셔츠/블라우스,49900,https://image.msscdn.net/thumbnails/images/prd_img/20260225/6053855/detail_6053855_17830432077850_big.jpg?w=1200,
제너럴아이디어,캡 슬리브 셔링 퍼프 블라우스,셔츠/블라우스,59000,https://image.msscdn.net/thumbnails/images/prd_img/20260420/6341448/detail_6341448_17766726557113_big.jpg?w=1200,
일리고,플레어 퍼프 블라우스,셔츠/블라우스,84000,https://image.msscdn.net/thumbnails/images/prd_img/20260227/6067428/detail_6067428_17727127542564_big.jpg?w=1200,
미쏘,보트넥 벨티드 블라우스,셔츠/블라우스,49900,https://image.msscdn.net/thumbnails/images/prd_img/20260420/6340253/detail_6340253_17774401929865_big.jpg?w=1200,
마인드브릿지 우먼,시어 스트라이프 오버핏 셔츠,셔츠/블라우스,79900,https://image.msscdn.net/thumbnails/images/prd_img/20260310/6110012/detail_6110012_17772635333766_big.jpg?w=1200,
버진키스,Angelo punching blouse,셔츠/블라우스,95000,https://image.msscdn.net/thumbnails/images/prd_img/20260503/6414326/detail_6414326_17779063344435_big.jpeg?w=1200,
레이즈미야,유이 러플 블라우스,셔츠/블라우스,159000,https://image.msscdn.net/thumbnails/images/prd_img/20260515/6491039/detail_6491039_17788343695688_big.jpg?w=1200,
코이리스,카이오 체크 반팔 셔츠 남녀공용,셔츠/블라우스,86100,https://image.msscdn.net/thumbnails/images/prd_img/20260630/6753916/detail_6753916_17834071513098_big.jpg?w=1200,
하이스쿨디스코,프릴넥 퍼프소매 블라우스,셔츠/블라우스,84000,https://image.msscdn.net/thumbnails/images/prd_img/20260429/6403706/detail_6403706_17775303424573_big.jpg?w=1200,
아메스 월드와이드,DENIM SHORTSLEEVE SHIRTS,셔츠/블라우스,89000,https://image.msscdn.net/thumbnails/images/prd_img/20250210/4773411/detail_4773411_17418422266829_big.jpg?w=1200,
후아유,One-Shoulder T-shirt(F),반팔 티셔츠,39900,https://image.msscdn.net/thumbnails/images/goods_img/20260702/6768741/6768741_17832997127564_big.jpg?w=1200,
락케이크,Square Logo Denim Top,반팔 티셔츠,46000,https://image.msscdn.net/thumbnails/images/prd_img/20240318/3964290/detail_3964290_17513297536128_big.jpg?w=1200,
이스케이프프,스타 카모 ESCF 로고 콜라주 프린트 슬림핏 반팔티,반팔 티셔츠,50000,https://image.msscdn.net/thumbnails/images/prd_img/20250506/5088374/detail_5088374_17465255942927_big.png?w=1200,
길라아카이브,SLOGAN BOAT NECK T-SHIRTS,반팔 티셔츠,49000,https://image.msscdn.net/thumbnails/images/prd_img/20260406/6263734/detail_6263734_17769404904623_big.png?w=1200,
마뗑킴,UNBALANCE LOGO CROP TOP IN,반팔 티셔츠,58000,https://image.msscdn.net/thumbnails/images/goods_img/20250123/4739352/4739352_17376077678504_big.jpg?w=1200,
라이크더모스트,스트라이프 스퀘어넥 하프 티셔츠,반팔 티셔츠,35800,https://image.msscdn.net/thumbnails/images/goods_img/20250416/5034189/5034189_17483238968224_big.jpg?w=1200,
닉앤니콜,LACE LAYERED COWL TOP,반팔 티셔츠,65000,https://image.msscdn.net/thumbnails/images/goods_img/20260629/6746165/6746165_17827946364183_big.jpg?w=1200,
비바셔스,Petit Collar Shirt,반팔 티셔츠,65000,https://image.msscdn.net/thumbnails/images/prd_img/20240510/4122876/detail_4122876_17158499294657_big.jpg?w=1200,
오드스튜디오,키치 그래픽 카라 티셔츠,반팔 티셔츠,54000,https://image.msscdn.net/thumbnails/images/prd_img/20260325/6196210/detail_6196210_17749379506367_big.jpg?w=1200,
스트라이프마가린,썸머 슬리브 오픈버튼 루즈 카라 티셔츠,반팔 티셔츠,75000,https://image.msscdn.net/thumbnails/images/goods_img/20260521/6523454/6523454_17793107402670_big.jpg?w=1200,
미쏘,Frill Cap Sleeve Blouse,슬리브리스,39900,https://image.msscdn.net/thumbnails/images/prd_img/20260424/6372824/detail_6372824_17781298853025_big.jpg?w=1200,
에트오소메,Lace One-Shoulder Shirring Top,슬리브리스,62000,https://image.msscdn.net/thumbnails/images/goods_img/20260615/6667343/6667343_17816621983229_big.jpg?w=1200,
하이스쿨디스,플라워 레이스 슬리브리스,슬리브리스,46000,https://image.msscdn.net/thumbnails/images/prd_img/20260429/6403719/detail_6403719_17775305993981_big.jpg?w=1200,
글로니,WILD KNOT CAMISOLE,슬리브리스,42000,https://image.msscdn.net/thumbnails/images/goods_img/20260611/6653347/6653347_17811572535505_big.jpg?w=1200,
카키포인트,Ethnic Scarf Top,슬리브리스,108000,https://image.msscdn.net/thumbnails/images/prd_img/20250611/5176092/detail_5176092_17506783657259_big.jpg?w=1200,
일리고,로즈 러플 슬리브리스,슬리브리스,60000,https://image.msscdn.net/thumbnails/images/prd_img/20260317/6148763/detail_6148763_17763082588888_big.jpg?w=1200,
마드나잇 무브,lace sh top,슬리브리스,42000,https://image.msscdn.net/thumbnails/images/goods_img/20260429/6396472/6396472_17773987672461_big.jpg?w=1200,
탄산마그네슘,엘 캐피탄 슬리브리스,슬리브리스,61000,https://image.msscdn.net/thumbnails/images/prd_img/20250602/5163079/detail_5163079_17502337941804_big.jpg?w=1200,
언타이틀 서울,언타이틀 헨리 탱크탑,슬리브리스,42000,https://image.msscdn.net/thumbnails/images/prd_img/20260526/6546409/detail_6546409_17818314425927_big.jpg?w=1200,
일리고,버튼 홀터 슬리브리스,슬리브리스,62000,https://image.msscdn.net/thumbnails/images/prd_img/20260317/6148759/detail_6148759_17763084958703_big.jpg?w=1200,
미쏘,Henley Neck Deep V Short Sleeve Knit,니트/스웨터,39900,https://image.msscdn.net/thumbnails/images/prd_img/20260507/6430803/detail_6430803_17799460818828_big.jpg?w=1200,
에잇세컨즈,언발 카라 풀오버,니트/스웨터,39900,https://image.msscdn.net/thumbnails/images/goods_img/20250403/4982374/4982374_17436515214242_big.jpg?w=1200,
쥬시쥬디,크로셰니트가디건,니트/스웨터,79000,https://image.msscdn.net/thumbnails/images/prd_img/20260303/6075283/detail_6075283_17793562140169_big.jpg?w=1200,
트위,캐넛 홀터넥 레이어드 반팔니트,니트/스웨터,39900,https://image.msscdn.net/thumbnails/images/prd_img/20260410/6291641/detail_6291641_17757979047644_big.jpg?w=1200,
더그린랩,오프숄더 슬림 골지 니트,니트/스웨터,69000,https://image.msscdn.net/thumbnails/images/prd_img/20240813/4326313/detail_4326313_17243325032231_big.jpg?w=1200,
다미쉬,고딕 크로스 자수 니트집업,니트/스웨터,62000,https://image.msscdn.net/thumbnails/images/prd_img/20251113/5727505/detail_5727505_17630054357647_big.jpg?w=1200,
어썸스튜디오,클래식(스트라이프)브이넥 니트 버건디,니트/스웨터,62000,https://image.msscdn.net/thumbnails/images/prd_img/20260121/5919667/detail_5919667_17702780204347_big.jpg?w=1200,
미센스,카라배색 반팔 니트,니트/스웨터,99800,https://image.msscdn.net/thumbnails/images/goods_img/20251030/5667589/5667589_17618114722509_big.jpg?w=1200,
글랙,유니티 스트라이프 그물 니트,니트/스웨터,59000,https://image.msscdn.net/thumbnails/images/goods_img/20250212/4779952/4779952_17430428988255_big.jpg?w=1200,
슈퍼드라이,체커 로고 라운드 니트,니트/스웨터,159000,https://image.msscdn.net/thumbnails/images/goods_img/20240924/4459062/4459062_17528268739046_big.jpg?w=1200,
탄산마그네슘,오디피기X탄산 와플 버튼 후드티,맨투맨/후드,129000,https://image.msscdn.net/thumbnails/images/prd_img/20251209/5817212/detail_5817212_17670729905098_big.jpg?w=1200,
어반드레스,Pigment Felt Crop Hoody,맨투맨/후드,74000,https://image.msscdn.net/thumbnails/images/prd_img/20230816/3468979/detail_3468979_17189554294538_big.jpg?w=1200,
탄산마그네슘,아일렛 후드티,맨투맨/후드,119000,https://image.msscdn.net/thumbnails/images/prd_img/20250907/5413111/detail_5413111_17630203826209_big.jpg?w=1200,
밈더워드로브,헬로 월드 LOVE 후드티,맨투맨/후드,85000,https://image.msscdn.net/thumbnails/images/prd_img/20250219/4804544/detail_4804544_17683684059316_big.jpg?w=1200,
유젠,버튼 후디드 스트라이프 롱 슬리브 티셔츠,맨투맨/후드,47400,https://image.msscdn.net/thumbnails/images/prd_img/20260204/5982895/detail_5982895_17703410306276_big.jpg?w=1200,
하이스쿨디스코,원숄더 프릴 맨투맨,맨투맨/후드,88000,https://image.msscdn.net/thumbnails/images/prd_img/20250915/5463343/detail_5463343_17580853748827_big.jpg?w=1200,
유희,OFF SHOULDER SWEATSHIRTS MELANGE,맨투맨/후드,75000,https://image.msscdn.net/thumbnails/images/prd_img/20240213/3864742/detail_3864742_17322580140050_big.jpg?w=1200,
일리고,129 로고 패치 보트넥 맨투맨,맨투맨/후드,80000,https://image.msscdn.net/thumbnails/images/prd_img/20260317/6148678/detail_6148678_17749399566069_big.jpg?w=1200,
꼼파뇨,happy day 피그먼트 스웨트셔츠,맨투맨/후드,72000,https://image.msscdn.net/thumbnails/images/prd_img/20240827/4375639/detail_4375639_17248158136304_big.jpg?w=1200,
팬시클럽,로저리 노이어 스웻셔츠,맨투맨/후드,85000,https://image.msscdn.net/thumbnails/images/prd_img/20250813/5322192/detail_5322192_17581579686953_big.jpg?w=1200,
헌터,오리지날 톨 레인부츠,부츠,209000,https://image.msscdn.net/thumbnails/images/goods_img/20250403/4982129/4982129_17534224002084_big.jpg?w=1200,
이누이트,여성용 레인부츠 로티,부츠,89000,https://image.msscdn.net/thumbnails/images/goods_img/20240415/4054918/4054918_17131675245757_big.jpg?w=1200,
팀버랜드,여성 워터빌 6인치 부츠,부츠,278000,https://image.msscdn.net/thumbnails/images/goods_img/20240801/4290044/4290044_17224961043830_big.jpg?w=1200,
조셉트,ODIN BLACK,부츠,146000,https://image.msscdn.net/thumbnails/images/goods_img/20240724/4270625/4270625_17533319781872_big.jpg?w=1200,
루시크루,Platform Ankle Boots,부츠,325000,https://image.msscdn.net/thumbnails/images/prd_img/20240827/4374075/detail_4374075_17247317644299_big.jpg?w=1200,
락피쉬웨더웨어,ORIGINAL RAIN BOOTS SHORT DOT,부츠,119000,https://image.msscdn.net/thumbnails/images/goods_img/20260327/6210082/6210082_17763889647299_big.jpg?w=1200,
토앤토,Zerovity Murff,부츠,129000,https://image.msscdn.net/thumbnails/images/goods_img/20240827/4375813/4375813_17751126042183_big.jpg?w=1200,
블랙 퍼플,러스크 스트랩 슬라우치드 부츠,부츠,238000,https://image.msscdn.net/thumbnails/images/prd_img/20251022/5629707/detail_5629707_17797878954296_big.jpg?w=1200,
23.65,RAIN BOOTS,부츠,98000,https://image.msscdn.net/thumbnails/images/prd_img/20230508/3279993/detail_3279993_17167901171475_big.jpg?w=1200,
솔트앤초콜릿,포그 레인부츠,부츠,169000,https://image.msscdn.net/thumbnails/images/prd_img/20260518/6501731/detail_6501731_17790923775011_big.jpg?w=1200,
사뿐,드마리 스퀘어 쪼리 슬리퍼,샌들/슬리퍼,29000,https://image.msscdn.net/thumbnails/images/prd_img/20240605/4178007/detail_4178007_17189555265474_big.jpg?w=1200,
착한구두,루아 투웨이 컴포트 샌들,샌들/슬리퍼,29900,https://image.msscdn.net/thumbnails/images/prd_img/20250417/5038724/detail_5038724_17496085425709_big.jpg?w=1200,
에퓨레,ROSI Net Wedge Mules,샌들/슬리퍼,89000,https://image.msscdn.net/thumbnails/images/prd_img/20250516/5119703/detail_5119703_17476165742771_big.jpg?w=1200,
착한구두,마크 꼬임 뮬 샌들,샌들/슬리퍼,37900,https://image.msscdn.net/thumbnails/images/prd_img/20250404/4989255/detail_4989255_17538427463350_big.jpg?w=1200,
주주비,Molly ribbon sandals,샌들/슬리퍼,278000,https://image.msscdn.net/thumbnails/images/prd_img/20240714/4248368/detail_4248368_17209610824664_big.jpg?w=1200,
위드아웃썸머,코사지 스트랩 샌들,샌들/슬리퍼,112000,https://image.msscdn.net/thumbnails/images/goods_img/20260424/6372634/6372634_17775310511621_big.jpg?w=1200,
오찌,토피 플랫폼 슬라이드 별자수,샌들/슬리퍼,79900,https://image.msscdn.net/thumbnails/images/prd_img/20260421/6348877/detail_6348877_17786625631883_big.jpg?w=1200,
미쏘,스터드 플립플랍,샌들/슬리퍼,39900,https://image.msscdn.net/thumbnails/images/goods_img/20260625/6728390/6728390_17823447129171_big.jpg?w=1200,
다이닛,ENAMEL FLIP FLOP IN,샌들/슬리퍼,98000,https://image.msscdn.net/thumbnails/images/goods_img/20260427/6378987/6378987_17780435029869_big.jpg?w=1200,
착한구두,자이프 스트랩 쪼리 샌들,샌들/슬리퍼,32900,https://image.msscdn.net/thumbnails/images/prd_img/20250508/5092778/detail_5092778_17515906230765_big.jpg?w=1200,
토피,커브드 배럴 데님 팬츠,데님 팬츠,"31,900",https://image.msscdn.net/thumbnails/images/prd_img/20260623/6719352/detail_6719352_17824404245240_big.jpg?w=1200,https://www.musinsa.com/products/6719352
에잇세컨즈,세미 와이드 워싱 데님 팬츠 스카이블루,데님 팬츠,"17,400",https://image.msscdn.net/thumbnails/images/prd_img/20240726/4276989/detail_4276989_17235200963751_big.jpg?w=1200,https://www.musinsa.com/products/4276989
애즈온,SUNFADE DENIM PANTS,데님 팬츠,"124,000",https://image.msscdn.net/thumbnails/images/prd_img/20260625/6733025/detail_6733025_17829899636566_big.jpg?w=1200,https://www.musinsa.com/products/6733025
데케트 우먼,Curved Slim Low Rise Flared Jeans DCWPT011BLUE,데님 팬츠,"65,030",https://image.msscdn.net/thumbnails/images/prd_img/20250821/5350629/detail_5350629_17567000104746_big.jpg?w=1200,https://www.musinsa.com/products/5350629
어반드레스,Thin Bootscut Pants,데님 팬츠,"49,900",https://image.msscdn.net/thumbnails/images/prd_img/20230927/3599538/detail_3599538_17206631779845_big.jpg?w=1200,https://www.musinsa.com/products/3599538
몽돌,내추럴 세미 부츠컷 데님 진 블랙 MDPT059BLACK,데님 팬츠,"44,030",https://image.msscdn.net/thumbnails/images/prd_img/20240809/4316270/detail_4316270_17561982201892_big.jpg?w=1200,https://www.musinsa.com/products/4316270
데케트 우먼,Cinchback Barrel Wide Leg Jeans DCWPT022BLUE,데님 팬츠,"65,030",https://image.msscdn.net/thumbnails/images/prd_img/20260122/5928458/detail_5928458_17702728445398_big.jpg?w=1200,https://www.musinsa.com/products/5928458
데케트 우먼,Signature Slim Flared Jeans DCWPT005LBlueB,데님 팬츠,"47,430",https://image.msscdn.net/thumbnails/images/prd_img/20250318/4912932/detail_4912932_17787425002920_big.jpg?w=1200,https://www.musinsa.com/products/4912932
글로니,THE MALISSA JEANS (WASHED BLUE),데님 팬츠,"142,200",https://image.msscdn.net/thumbnails/images/prd_img/20251229/5859122/detail_5859122_17721771975848_big.jpg?w=1200,https://www.musinsa.com/products/5859122
락케이크,Nova Bootcut Jeans,데님 팬츠,"79,980",https://image.msscdn.net/thumbnails/images/prd_img/20260126/5938980/detail_5938980_17732797944185_big.jpg?w=1200,https://www.musinsa.com/products/5938980
1993스튜디오,W 베이직 마이크로 미니 데님 쇼츠_라이트블루,반바지,"33,900",https://image.msscdn.net/thumbnails/images/prd_img/20260618/6697003/detail_6697003_17826982586080_big.jpg?w=1200,https://www.musinsa.com/products/6697003
언더오프,A라인 마이크로 스웻 쇼츠 블랙,반바지,"20,990",https://image.msscdn.net/thumbnails/images/prd_img/20260703/6777950/detail_6777950_17830538742335_big.jpg?w=1200,https://www.musinsa.com/products/6777950
파시온,슈가 마이크로 팬츠,반바지,"30,240",https://image.msscdn.net/thumbnails/images/goods_img/20260707/6799694/6799694_17834094850881_big.jpg?w=1200,https://www.musinsa.com/products/6799694
아디다스,와플 숏 팬츠,반바지,"57,990",https://image.msscdn.net/thumbnails/images/goods_img/20250605/5167869/5167869_17495318179433_big.jpg?w=1200,https://www.musinsa.com/products/5167869
버던트,볼륨 카고 나일론 숏 팬츠,반바지,"19,600",https://image.msscdn.net/thumbnails/images/goods_img/20250324/4936127/4936127_17688012568111_big.jpg?w=1200,https://www.musinsa.com/products/4936127
아디다스,파이어버드 클래식 숏 팬,반바지,"47,110",https://image.msscdn.net/thumbnails/images/prd_img/20260408/6275096/detail_6275096_17756943592959_big.jpg?w=1200,https://www.musinsa.com/products/6275096
어반드레스,Lovely Stitch Denim Shorts,반바지,"39,900",https://image.msscdn.net/thumbnails/images/prd_img/20240411/4045171/detail_4045171_17169626112685_big.jpg?w=1200,https://www.musinsa.com/products/4045171
러프넥,Flap Pocket Short Pants Black,반바지,"59,250",https://image.msscdn.net/thumbnails/images/prd_img/20260520/6519732/detail_6519732_17794392117008_big.jpg?w=1200,https://www.musinsa.com/products/6519732
무센트,라우렐 버뮤다 폴리 나일론 하프 팬츠 남녀공용,반바지,"31,920",https://image.msscdn.net/thumbnails/images/prd_img/20240531/4169039/detail_4169039_17173962355000_big.jpg?w=1200,https://www.musinsa.com/products/4169039
네이키드서프클럽,레터링 데님 숏팬츠,반바지,"54,670",https://image.msscdn.net/thumbnails/images/goods_img/20240228/3911993/3911993_17422809476467_big.jpg?w=1200,https://www.musinsa.com/products/3911993
슈퍼서브,스웨이버 사이드 프린팅 데님 쇼츠,반바지,"9,900",https://image.msscdn.net/thumbnails/images/goods_img/20250414/5023802/5023802_17521121913951_big.jpg?w=1200,https://www.musinsa.com/products/5023802
아디다스,핀스트라이프 새틴 숏 팬츠,반바지,"36,990",https://image.msscdn.net/thumbnails/images/goods_img/20250522/5139107/5139107_17490846655689_big.jpg?w=1200,https://www.musinsa.com/products/5139107
길라아카이브,TATTOOED GRAPHIC DENIM SHORTS,반바지,"35,280",https://image.msscdn.net/thumbnails/images/goods_img/20250911/5444308/5444308_17605802412450_big.jpg?w=1200,https://www.musinsa.com/products/5444308
플레이스 스튜디오,티어드 피치 스트라이프 프릴 레이스 밴딩 숏 캉캉 스커트 팬츠,스커트,"27,920",https://image.msscdn.net/thumbnails/images/prd_img/20241106/4593686/detail_4593686_17683519048839_big.jpg?w=1200,https://www.musinsa.com/products/4593686
미세키서울,Unbalanced flow mini skirt BLACK,스커트,"51,940",https://image.msscdn.net/thumbnails/images/goods_img/20250205/4761169/4761169_17690675551733_big.jpg?w=1200,https://www.musinsa.com/products/4761169
에잇세컨즈,체크 프릴 스커트 애쉬,스커트,"14,930",https://image.msscdn.net/thumbnails/images/prd_img/20260211/6014128/detail_6014128_17776267163103_big.jpg?w=1200,https://www.musinsa.com/products/6014128
글로니,GLOWNY X MY MELODY MINI SKORT,스커트,"148,000",https://image.msscdn.net/thumbnails/images/goods_img/20260623/6715219/6715219_17827988126213_big.jpg?w=1200,https://www.musinsa.com/products/6715219
락케이크,Wide Belt Wrap Skirt,스커트,"75,040",https://image.msscdn.net/thumbnails/images/prd_img/20260424/6376224/detail_6376224_17821119987636_big.jpg?w=1200,https://www.musinsa.com/products/6376224
미세키서울,Diagonal sheer string mini skirt CHARCOAL,스커트,"100,890",https://image.msscdn.net/thumbnails/images/prd_img/20260403/6254054/detail_6254054_17787616597670_big.jpg?w=1200,https://www.musinsa.com/products/6254054
미쏘,플랩 저지 스커트,스커트,"59,900",https://image.msscdn.net/thumbnails/images/goods_img/20260625/6728384/6728384_17823446135773_big.jpg?w=1200,https://www.musinsa.com/products/6728384
비터셀즈,지젤 저지 롱 스커트,스커트,"40,600",https://image.msscdn.net/thumbnails/images/prd_img/20260414/6305730/detail_6305730_17769285789884_big.jpg?w=1200,https://www.musinsa.com/products/6305730
카고브로스 포 우먼,플레어 프릴 체크 롱 스커트,스커트,"36,480",https://image.msscdn.net/thumbnails/images/prd_img/20260410/6293621/detail_6293621_17758067508218_big.jpg?w=1200,https://www.musinsa.com/products/6293621
애즈유아,커팅 리본 롱 스커트 애쉬 베이지,스커트,"55,800",https://image.msscdn.net/thumbnails/images/prd_img/20260508/6446774/detail_6446774_17794142749751_big.jpg?w=1200,https://www.musinsa.com/products/6446774
에잇세컨즈,셔링 롱스커트 화이트,스커트,"15,680",https://image.msscdn.net/thumbnails/images/prd_img/20240724/4272421/detail_4272421_17235156453278_big.jpg?w=1200,https://www.musinsa.com/products/4272421
제너럴아이디어,체크 시어 롱 스커트,스커트,"39,200",https://image.msscdn.net/thumbnails/images/prd_img/20260407/6266316/detail_6266316_17755254366611_big.jpg?w=1200,https://www.musinsa.com/products/6266316
트위,트릭 스트랩 밴딩 미니 스커트,스커트,"30,520",https://image.msscdn.net/thumbnails/images/prd_img/20260514/6475955/detail_6475955_17787224728717_big.jpg?w=1200,https://www.musinsa.com/products/6475955
크랭크,피케이 마이크로 스커트,스커트,"43,680",https://image.msscdn.net/thumbnails/images/prd_img/20260126/5935832/detail_5935832_17714145624601_big.jpg?w=1200,https://www.musinsa.com/products/5935832
하이스쿨디스코,포그 스타 메쉬 스커트,스커트,"36,480",https://image.msscdn.net/thumbnails/images/prd_img/20260429/6403664/detail_6403664_17775290095793_big.jpg?w=1200,https://www.musinsa.com/products/6403664
플레이스 스튜디오,캉캉 프릴 플레어 리본 셔링 롱 코튼 스커트,스커트,"44,800",https://image.msscdn.net/thumbnails/images/prd_img/20240522/4146787/detail_4146787_17163345120924_big.jpg?w=1200,https://www.musinsa.com/products/4146787
마인드브릿지 우먼,원턱 와이드 슬랙스,슬랙스,"29,900",https://image.msscdn.net/thumbnails/images/prd_img/20250314/4899084/detail_4899084_17423812558302_big.jpg?w=1200,https://www.musinsa.com/products/4899084
스파오,롱 와이드 슬랙스,슬랙스,"19,900",https://image.msscdn.net/thumbnails/images/goods_img/20260331/6226163/6226163_17749285736375_big.jpg?w=1200,https://www.musinsa.com/products/6226163
레이디 볼륨,롱 와이드 슬랙스,슬랙스,"28,500",https://image.msscdn.net/thumbnails/images/prd_img/20250804/5290871/detail_5290871_17562788634137_big.jpg?w=1200,https://www.musinsa.com/products/5290871
몽돌,나일론 원 턱 와이드 슬랙스 베이지,슬랙스,"33,000",https://image.msscdn.net/thumbnails/images/prd_img/20250401/4973383/detail_4973383_17446232534011_big.jpg?w=1200,https://www.musinsa.com/products/4973383
스파오,데님라이크 와이드 슬랙스,슬랙스,"19,900",https://image.msscdn.net/thumbnails/images/goods_img/20260527/6550870/6550870_17798403140100_big.jpg?w=1200,https://www.musinsa.com/products/6550870
에이지오디,원턱 와이드 밴딩 슬랙스,슬랙스,"11,100",https://image.msscdn.net/thumbnails/images/prd_img/20240404/4024189/detail_4024189_17612927896392_big.jpg?w=1200,https://www.musinsa.com/products/4024189
마인드브릿지 우먼,써머 데일리 와이드 슬랙스,슬랙스,"49,900",https://image.msscdn.net/thumbnails/images/prd_img/20260311/6112194/detail_6112194_17773561676680_big.jpg?w=1200,https://www.musinsa.com/products/6112194
벨로엘,원턱 와이드 슬랙스 핑크,슬랙스,"24,800",https://image.msscdn.net/thumbnails/images/prd_img/20250428/5073457/detail_5073457_17476271138003_big.jpg?w=1200,https://www.musinsa.com/products/5073457
위드아웃썸머,린넨 벨티드 팬츠,슬랙스,"119,200",https://image.msscdn.net/thumbnails/images/prd_img/20260625/6731078/detail_6731078_17824494500253_big.jpg?w=1200,https://www.musinsa.com/products/6731078
에잇세컨즈,텐셀 슬랙스 블랙,슬랙스,"20,900",https://image.msscdn.net/thumbnails/images/prd_img/20240807/4303024/detail_4303024_17235240167400_big.jpg?w=1200,https://www.musinsa.com/products/4303024
더 새터데이 이브닝 포스트,One-Tuck Tailored Trousers,슬랙스,"59,900",https://image.msscdn.net/thumbnails/images/goods_img/20250313/4896381/4896381_17418570854527_big.jpg?w=1200,https://www.musinsa.com/products/4896381
미치코런던 코시노,핀 스트라이프 투-턱 슬랙스,슬랙스,"78,850",https://image.msscdn.net/thumbnails/images/prd_img/20260205/5983662/detail_5983662_17714863697050_big.jpg?w=1200,https://www.musinsa.com/products/5983662
미헤브,캐주얼 스트라이프 와이드 슬랙스,슬랙스,"69,900",https://image.msscdn.net/thumbnails/images/prd_img/20250308/4872364/detail_4872364_17437743363953_big.jpg?w=1200,https://www.musinsa.com/products/4872364
어반드레스,88 사이드 플래시 릴랙스 새깅 팬츠,트레이닝 팬츠,"59,900",https://image.msscdn.net/thumbnails/images/prd_img/20260630/6754165/detail_6754165_17828684805771_big.jpg?w=1200,https://www.musinsa.com/products/6754165
코이리스,코르빈 핀턱 와이드 밴딩 팬츠,트레이닝 팬츠,"35,910",https://image.msscdn.net/thumbnails/images/prd_img/20251001/5562241/detail_5562241_17593092304643_big.jpg?w=1200,https://www.musinsa.com/products/5562241
디미트리블랙,VLAD 원턱 커브드 트랙 팬츠,트레이닝 팬츠,"25,900",https://image.msscdn.net/thumbnails/images/prd_img/20260325/6197079/detail_6197079_17745797996988_big.jpg?w=1200,https://www.musinsa.com/products/6197079
아디다스,투인원 트랙 스웨트 팬츠,트레이닝 팬츠,"63,990",https://image.msscdn.net/thumbnails/images/prd_img/20240911/4430592/detail_4430592_17262042831634_big.jpg?w=1200,https://www.musinsa.com/products/4430592
무신사 스탠다드 우먼,우먼즈 쿨링 저지 와이드 팬츠,트레이닝 팬츠,"37,910",https://image.msscdn.net/thumbnails/images/prd_img/20251202/5795926/detail_5795926_17738142496133_big.jpg?w=1200,https://www.musinsa.com/products/5795926
핍펫,Wide Cargo Sweat Pants,트레이닝 팬츠,"28,250",https://image.msscdn.net/thumbnails/images/prd_img/20240118/3803482/detail_3803482_17072744226232_big.jpg?w=1200,https://www.musinsa.com/products/3803482
테이크이지,우먼스 스몰라쿠 와이드 팬츠,트레이닝 팬츠,"21,000",https://image.msscdn.net/thumbnails/images/prd_img/20230210/3075503/detail_3075503_16781640200872_big.jpg?w=1200,https://www.musinsa.com/products/3075503
아메스 월드와이드,PPG HOTFIX DRAWING SWEAT PANTS PINK,트레이닝 팬츠,"80,100",https://image.msscdn.net/thumbnails/images/prd_img/20260703/6778621/detail_6778621_17839236457968_big.jpg?w=1200,https://www.musinsa.com/products/6778621
무센트,시그니처 4 핀턱 와이드 스웻 팬츠,트레이닝 팬츠,"42,420",https://image.msscdn.net/thumbnails/images/prd_img/20250224/4823217/detail_4823217_17403753201806_big.jpg?w=1200,https://www.musinsa.com/products/4823217
이스케이프프롬,캘리 레터링 프린트 부츠컷 스웻팬츠,트레이닝 팬츠,"29,520",https://image.msscdn.net/thumbnails/images/prd_img/20260123/5933524/detail_5933524_17691733913773_big.jpg?w=1200,https://www.musinsa.com/products/5933524
더콜디스트모먼트,TCM mini logo nylon pants,트레이닝 팬츠,"64,080",https://image.msscdn.net/thumbnails/images/prd_img/20260312/6120966/detail_6120966_17756146688087_big.jpg?w=1200,https://www.musinsa.com/products/6120966
유희,STAR PATTERN LAYERED BANDING TRACK PANTS,트레이닝 팬츠,"41,960",https://image.msscdn.net/thumbnails/images/prd_img/20251217/5835471/detail_5835471_17700124785234_big.jpg?w=1200,https://www.musinsa.com/products/5835471
길라아카이브,SIDE CROSS LOGO SWEATPANTS,트레이닝 팬츠,"45,900",https://image.msscdn.net/thumbnails/images/prd_img/20251204/5804239/detail_5804239_17726769519820_big.jpg?w=1200,https://www.musinsa.com/products/5804239
에잇세컨즈,하프 트렌치 코트 네이비,코트,109900,https://image.msscdn.net/thumbnails/images/prd_img/20260220/6038031/detail_6038031_17774805909703_500.jpg,https://www.musinsa.com/products/6038031
판도라핏,Mare Classic Half Trench,코트,209000,https://image.msscdn.net/thumbnails/images/goods_img/20260219/6032408/6032408_17715882684759_500.jpg,https://www.musinsa.com/products/6032408
미쏘,숏트렌치,코트,99900,https://image.msscdn.net/thumbnails/images/prd_img/20260401/6237561/detail_6237561_17761431134497_500.jpg,https://www.musinsa.com/products/6237561
비바스튜디오,WOMAN CROPPED OVERSIZED TRENCH COAT,코트,179000,https://image.msscdn.net/thumbnails/images/goods_img/20250227/4843522/4843522_17406459801124_big.jpg?w=1200,https://www.musinsa.com/products/4843522
레더리,캐시미어 멜톤 더플 후디 숏 코트,코트,224000,https://image.msscdn.net/thumbnails/images/prd_img/20251014/5589488/detail_5589488_17609358323755_big.jpg?w=1200,https://www.musinsa.com/products/5589488
키르시,유니 모노 체리 후드 롱 더플 코트,코트,299000,https://image.msscdn.net/thumbnails/images/goods_img/20230927/3599595/3599595_16958186357799_big.jpg?w=1200,https://www.musinsa.com/products/3599595
로엠,덤블 미디 코트,코트,159000,https://image.msscdn.net/thumbnails/images/prd_img/20260210/6000598/detail_6000598_17706799402649_big.jpg?w=1200,https://www.musinsa.com/products/6000598
제뉴즈,안즈 후드 하프 코트,코트,259000,https://image.msscdn.net/thumbnails/images/goods_img/20241204/4649261/4649261_17332854545826_big.jpg?w=1200,https://www.musinsa.com/products/4649261
비바셔스,Bordo Handmade Wool Coat,코트,240000,https://image.msscdn.net/thumbnails/images/prd_img/20251021/5621459/detail_5621459_17615471463432_big.jpg?w=1200,https://www.musinsa.com/products/5621459
드레,OVAL DOUBLE PEA COAT,코트,520000,https://image.msscdn.net/thumbnails/images/goods_img/20231218/3759519/3759519_17028923552732_big.jpg?w=1200,https://www.musinsa.com/products/3759519
마인드브릿지,후드 경량 덕 다운 패딩 점퍼,패딩,179000,https://image.msscdn.net/thumbnails/images/prd_img/20260114/5894308/detail_5894308_17695989824032_big.jpg?w=1200,https://www.musinsa.com/products/5894308
수아레 우먼,서스테인 발마칸 패딩 코트,패딩,199000,https://image.msscdn.net/thumbnails/images/prd_img/20250930/5550541/detail_5550541_17593154897372_big.jpg?w=1200,https://www.musinsa.com/products/5550541
파르티멘토,1950 N2B 밀리터리 숏 파카 블랙,패딩,167400,https://image.msscdn.net/thumbnails/images/goods_img/20241113/4612241/4612241_17316309592958_big.jpg?w=1200,https://www.musinsa.com/products/4612241
노스페이스,화이트라벨 여성 노벨티 눕시 다운 자켓,패딩,388000,https://image.msscdn.net/thumbnails/images/prd_img/20251022/5627723/detail_5627723_17828882803647_big.jpg?w=1200,https://www.musinsa.com/products/5627723
아디다스,크롭 합성 다운 퍼퍼,패딩,189000,https://image.msscdn.net/thumbnails/images/prd_img/20251021/5617743/detail_5617743_17610302006189_big.jpg?w=1200,https://www.musinsa.com/products/5617743
팬시클럽,라이트웨이트 스윙 푸퍼,패딩,149000,https://image.msscdn.net/thumbnails/images/prd_img/20250813/5322240/detail_5322240_17587066908133_big.jpg?w=1200,https://www.musinsa.com/products/5322240
레더리,레더 푸퍼 자켓,패딩,132000,https://image.msscdn.net/thumbnails/images/goods_img/20241008/4498829/4498829_17322383605379_big.jpg?w=1200,https://www.musinsa.com/products/4498829
라라폭스,GLOSSY CROPPED GOOSE DOWN JACKET,패딩,369000,https://image.msscdn.net/thumbnails/images/prd_img/20221014/2863589/detail_2863589_10_big.jpg?w=1200,https://www.musinsa.com/products/2863589
엔피스튜디오,유니버셜 퍼 카라 푸퍼 숏패딩 자켓,패딩,159000,https://image.msscdn.net/thumbnails/images/prd_img/20211009/2171475/detail_2171475_18_big.jpg?w=1200,https://www.musinsa.com/products/2171475
코드그라피,더플 패딩,패딩,169000,https://image.msscdn.net/thumbnails/images/goods_img/20251021/5623118/5623118_17679387057792_big.jpg?w=1200,https://www.musinsa.com/products/5623118
노티카,패디드 하버 자켓,자켓,249000,https://image.msscdn.net/thumbnails/images/goods_img/20240827/4374895/4374895_17769284771072_big.jpg?w=1200,https://www.musinsa.com/products/4374895
아디다스,파이어버드 니트 트랙탑,자켓,119000,https://image.msscdn.net/thumbnails/images/prd_img/20260114/5893673/detail_5893673_17684397217304_big.jpg?w=1200,https://www.musinsa.com/products/5893673
플레이스 스튜디오,벨티드 리벳 인시전 슬림 라인 피티드 블루종 코튼 긴팔 자켓,자켓,49500,https://image.msscdn.net/thumbnails/images/prd_img/20260212/6018020/detail_6018020_17708761233130_big.jpg?w=1200,https://www.musinsa.com/products/6018020
디미트리블랙,모두의 셀비지 데님 자켓,자켓,100000,https://image.msscdn.net/thumbnails/images/prd_img/20251231/5864298/detail_5864298_17679442900822_big.jpg?w=1200,https://www.musinsa.com/products/5864298
마인드브릿지,옥스퍼드 카라 배색 워크 점퍼,자켓,199000,https://image.msscdn.net/thumbnails/images/prd_img/20241113/4613096/detail_4613096_17700126278899_big.jpg?w=1200,https://www.musinsa.com/products/4613096
플레이스 스튜디오,하이넥 스탠다드 스트랩 비조 포인트 블루종 집업 자켓,자켓,49000,https://image.msscdn.net/thumbnails/images/prd_img/20250818/5329364/detail_5329364_17569751606009_big.jpg?w=1200,https://www.musinsa.com/products/5329364
썸플레이스,미니멀 하이넥 벨트 포인트 에센셜 블루종 코튼 자켓,자켓,66000,https://image.msscdn.net/thumbnails/images/prd_img/20260212/6020703/detail_6020703_17708877312095_big.jpg?w=1200,https://www.musinsa.com/products/6020703
키르시,두들 체리 스타디움 크롭 점퍼,자켓,199000,https://image.msscdn.net/thumbnails/images/prd_img/20230130/3047701/detail_3047701_17108237812783_big.jpg?w=1200,https://www.musinsa.com/products/3047701
써치410,웨스턴 콤비 바시티 자켓 ,자켓,149000,https://image.msscdn.net/thumbnails/images/goods_img/20230811/3460839/3460839_16934693867325_big.jpg?w=1200,https://www.musinsa.com/products/3460839
코이리스,세이노 후드 바람막이,자켓,86000,https://image.msscdn.net/thumbnails/images/prd_img/20260423/6367307/detail_6367307_17778797126775_big.jpg?w=1200,https://www.musinsa.com/products/6367307
지오다노,포인텔 가디건,가디건,24800,https://image.msscdn.net/thumbnails/images/prd_img/20260518/6499914/detail_6499914_17790858192049_big.jpg?w=1200,https://www.musinsa.com/products/6499914
미쏘,린넨 시스루 골지 가디건,가디건,39900,https://image.msscdn.net/thumbnails/images/prd_img/20260313/6127741/detail_6127741_17738120789868_big.jpg?w=1200,https://www.musinsa.com/products/6127741
미치코런던 코시노,에센셜 라운드 니트 가디건,가디건,62000,https://image.msscdn.net/thumbnails/images/prd_img/20260204/5980112/detail_5980112_17714686982806_big.jpg?w=1200,https://www.musinsa.com/products/5980112
스파오,후드 카디건,가디건,39900,https://image.msscdn.net/thumbnails/images/goods_img/20260420/6339581/6339581_17766677044657_big.jpg?w=1200,https://www.musinsa.com/products/6339581
에잇세컨즈,부클 카디건,가디건,44900,https://image.msscdn.net/thumbnails/images/prd_img/20260409/6281296/detail_6281296_17775394068661_big.jpg?w=1200,https://www.musinsa.com/products/6281296
어썸스튜디오,버튼 장식 하이넥 니트 가디건,가디건,74000,https://image.msscdn.net/thumbnails/images/prd_img/20250929/5542486/detail_5542486_17591354558086_big.jpg?w=1200,https://www.musinsa.com/products/5542486
에잇세컨즈,스카시 볼레로 카디건,가디건,49900,https://image.msscdn.net/thumbnails/images/prd_img/20240716/4252706/detail_4252706_17230180329845_big.jpg?w=1200,https://www.musinsa.com/products/4252706
무센트,펄스 셋업 레이스 포인트 볼레로 가디건,가디건,80900,https://image.msscdn.net/thumbnails/images/prd_img/20260305/6088958/detail_6088958_17738036598887_big.jpg?w=1200,https://www.musinsa.com/products/6088958
코이리스,저니 사선 버튼 하이넥 후드 니트 가디건,가디건,154000,https://image.msscdn.net/thumbnails/images/prd_img/20260313/6130152/detail_6130152_17733796644275_big.jpg?w=1200,https://www.musinsa.com/products/6130152
크랭크,시어 컬러 버튼 가디건,가디건,72000,https://image.msscdn.net/thumbnails/images/prd_img/20260417/6331315/detail_6331315_17768570060442_big.jpg?w=1200,https://www.musinsa.com/products/6331315
러브이즈트루,SY ANGEL HOOD ZIP UP,집업,124000,https://image.msscdn.net/thumbnails/images/prd_img/20260414/6310628/detail_6310628_17770133287230_big.jpg?w=1200,https://www.musinsa.com/products/6310628
스트라이프마가린,마가린 아플리케 루즈 투퉤이 지퍼 후드집업,집업,115000,https://image.msscdn.net/thumbnails/images/prd_img/20260313/6129566/detail_6129566_17736189302734_big.jpg?w=1200,https://www.musinsa.com/products/6129566
미쏘,체크배색 후드집업,집업,59900,https://image.msscdn.net/thumbnails/images/prd_img/20260223/6043655/detail_6043655_17726049564034_big.jpg?w=1200,https://www.musinsa.com/products/6043655
닉켈하우스,닉켈 동키 나그랑 후드집업,집업,149000,https://image.msscdn.net/thumbnails/images/goods_img/20260707/6794273/6794273_17833824916053_big.jpg?w=1200,https://www.musinsa.com/products/6794273
이스케이프프롬,스트로베리 도트 ESCF 로고 콜라주 프린트 투웨이 후드집업,집업,92000,https://image.msscdn.net/thumbnails/images/goods_img/20260211/6014521/6014521_17708126812242_big.jpg?w=1200,https://www.musinsa.com/products/6014521
탄산마그네슘,혼 아플리케 사이드 지퍼 후드집업,집업,199000,https://image.msscdn.net/thumbnails/images/prd_img/20260310/6109106/detail_6109106_17739058662374_big.jpg?w=1200,https://www.musinsa.com/products/6109106
러브이즈트루,GT OVER FIT UNBALANCE HOOD ZIP UP,집업,172000,https://image.msscdn.net/thumbnails/images/goods_img/20260401/6238203/6238203_17750304693863_big.jpg?w=1200,https://www.musinsa.com/products/6238203
엔와이엑스엑스,EMBLEM PRINTING HOOD ZIP-UP CAMO,집업,109000,https://image.msscdn.net/thumbnails/images/prd_img/20240925/4464110/detail_4464110_17289566134542_big.jpg?w=1200,https://www.musinsa.com/products/4464110
카이파이,커브 버튼 후드 집업,집업,109000,https://image.msscdn.net/thumbnails/images/prd_img/20260203/5975120/detail_5975120_17720887248263_big.jpg?w=1200,https://www.musinsa.com/products/5975120
랜덤오프,R:SIGNET OVER FIT 2-WAY ZIP-UP,집업,51900,https://image.msscdn.net/thumbnails/images/prd_img/20250820/5345115/detail_5345115_17556809224489_big.jpg?w=1200,https://www.musinsa.com/products/5345115
나이키,문 슈 OG W,운동화/스니커즈,139000,https://image.msscdn.net/thumbnails/images/goods_img/20260623/6718924/6718924_17827016036576_big.jpg?w=1200,https://www.musinsa.com/products/6718924
아디다스,아디폼 메가제인,운동화/스니커즈,129000,https://image.msscdn.net/thumbnails/images/prd_img/20260401/6233624/detail_6233624_17782138464196_big.jpg?w=1200,https://www.musinsa.com/products/6233624
솔트앤초콜릿,리네아 스니커즈,운동화/스니커즈,99000,https://image.msscdn.net/thumbnails/images/prd_img/20241008/4497489/detail_4497489_17310461927621_big.jpg?w=1200,https://www.musinsa.com/products/4497489
낫소,아일린 독일군 스니커즈,운동화/스니커즈,36900,https://image.msscdn.net/thumbnails/images/prd_img/20250109/4708803/detail_4708803_17827018750768_big.jpg?w=1200,https://www.musinsa.com/products/4708803
아디다스,핸드볼 스페지알,운동화/스니커즈,149000,https://image.msscdn.net/thumbnails/images/prd_img/20250625/5206469/detail_5206469_17524690412098_big.jpg?w=1200,https://www.musinsa.com/products/5206469
푸마,스피드캣 고 우먼스,운동화/스니커즈,119000,https://image.msscdn.net/thumbnails/images/goods_img/20250922/5502508/5502508_17586904161782_big.jpg?w=1200,https://www.musinsa.com/products/5502508
뉴발란스,NBPDGS102W,운동화/스니커즈,149000,https://image.msscdn.net/thumbnails/images/prd_img/20250218/4797718/detail_4797718_17411597267831_big.jpg?w=1200,https://www.musinsa.com/products/4797718
엘두,우브너,운동화/스니커즈,142000,https://image.msscdn.net/thumbnails/images/prd_img/20260312/6121655/detail_6121655_17733027682498_big.jpg?w=1200,https://www.musinsa.com/products/6121655
포즈간츠,멈멈 C.V,운동화/스니커즈,89000,https://image.msscdn.net/thumbnails/images/prd_img/20241223/4677839/detail_4677839_17350104328920_big.jpg?w=1200,https://www.musinsa.com/products/4677839
노스페이스,화이트라벨 여성 쉘던,운동화/스니커즈,129000,https://image.msscdn.net/thumbnails/images/prd_img/20260220/6037003/detail_6037003_17827970269141_big.jpg?w=1200,https://www.musinsa.com/products/6037003
디퍼슈,벨린 스퀘어 리본 메리제인,구두/로퍼,129000,https://image.msscdn.net/thumbnails/images/prd_img/20260619/6701167/detail_6701167_17818387534025_big.jpg?w=1200,https://www.musinsa.com/products/6701167
헤븐리젤리,Classic Mule Clear,구두/로퍼,67000,https://image.msscdn.net/thumbnails/images/prd_img/20260604/6604506/detail_6604506_17805405966188_big.jpg?w=1200,https://www.musinsa.com/products/6604506
착한구두,레이넬 클래식 페니 로퍼,구두/로퍼,39900,https://image.msscdn.net/thumbnails/images/prd_img/20250317/4904602/detail_4904602_17496049125123_big.jpg?w=1200,https://www.musinsa.com/products/4904602
솔트앤초콜릿,셀레네 메쉬 플랫,구두/로퍼,119000,https://image.msscdn.net/thumbnails/images/prd_img/20260415/6313985/detail_6313985_17762291617525_big.jpg?w=1200,https://www.musinsa.com/products/6313985
락피쉬웨더웨어,SQUARE TOE TWO STRAP MARYJANES,구두/로퍼,93000,https://image.msscdn.net/thumbnails/images/goods_img/20250808/5303109/5303109_17811403449392_big.jpg?w=1200,https://www.musinsa.com/products/5303109
포기무디,Closet 0040. Three Belted Flat Shoes,구두/로퍼,109000,https://image.msscdn.net/thumbnails/images/prd_img/20260227/6067487/detail_6067487_17721806809558_big.jpg?w=1200,https://www.musinsa.com/products/6067487
룩캐스트,포인티드 클래식 로퍼,구두/로퍼,88000,https://image.msscdn.net/thumbnails/images/prd_img/20250820/5342351/detail_5342351_17556626852193_big.jpg?w=1200,https://www.musinsa.com/products/5342351
23.65,메리제인,구두/로퍼,59000,https://image.msscdn.net/thumbnails/images/prd_img/20250214/4790036/detail_4790036_17398539729342_big.jpg?w=1200,https://www.musinsa.com/products/4790036
르쿠어에쿠어,아넬로 21 쥬얼 베이직 로퍼,구두/로퍼,189000,https://image.msscdn.net/thumbnails/images/goods_img/20250318/4911114/4911114_17422761819822_big.jpg?w=1200,https://www.musinsa.com/products/4911114
데이라이프,하나 스트랩 플랫 슈즈,구두/로퍼,199000,https://image.msscdn.net/thumbnails/images/goods_img/20240605/4180271/4180271_17175771127520_big.jpg?w=1200,https://www.musinsa.com/products/4180271
사뿐,시모나 리본 에나멜 스틸레토힐,힐,59900,https://image.msscdn.net/thumbnails/images/prd_img/20260209/5994748/detail_5994748_17705991682287_big.jpg?w=1200,https://www.musinsa.com/products/5994748
사뿐,레니브 스퀘어 펌프스힐,힐,59900,https://image.msscdn.net/thumbnails/images/prd_img/20240808/4310000/detail_4310000_17310351547997_big.jpg?w=1200,https://www.musinsa.com/products/4310000
타미힐피거,프란체스카 레더 웨지힐,힐,239000,https://image.msscdn.net/thumbnails/images/prd_img/20260305/6089195/detail_6089195_17727060600883_big.jpg?w=1200,https://www.musinsa.com/products/6089195
기호,BELTED SLINGBACK,힐,145000,https://image.msscdn.net/thumbnails/images/prd_img/20230823/3488962/detail_3488962_16934058546823_big.jpg?w=1200,https://www.musinsa.com/products/3488962
무크,나타샤 소가죽 메리제인 슬링백,힐,189000,https://image.msscdn.net/thumbnails/images/goods_img/20250318/4911114/4911114_17422761819822_big.jpg?w=1200,https://www.musinsa.com/products/4911114
포어링,Dolly ribbon wedge heels,힐,155000,https://image.msscdn.net/thumbnails/images/prd_img/20260603/6601285/detail_6601285_17806016814307_big.jpg?w=1200,https://www.musinsa.com/products/6601285
타크트로이메,위스퍼 베이직 스퀘어 블록힐 미드힐 웨딩 슈즈,힐,145000,https://image.msscdn.net/thumbnails/images/prd_img/20260223/6040246/detail_6040246_17733030013287_big.jpg?w=1200,https://www.musinsa.com/products/6040246
르바즈,로맨틱 펌프스,힐,208000,https://image.msscdn.net/thumbnails/images/goods_img/20241122/4631699/4631699_17322436008365_big.jpg?w=1200,https://www.musinsa.com/products/4631699
씨미즈,오픈토 블락힐,힐,86000,https://image.msscdn.net/thumbnails/images/goods_img/20250407/4994982/4994982_17446102496637_big.jpg?w=1200,https://www.musinsa.com/products/4994982
솔트앤초콜릿,세레나 스퀘어 펌프스,힐,89000,https://image.msscdn.net/thumbnails/images/prd_img/20260211/6010430/detail_6010430_17707979619242_big.png?w=1200,https://www.musinsa.com/products/6010430